ID,Name,Description,Resource Type,resource_type_original,resource_type_10,Slug,Tags,URL,Created time
DG-RSRCH-83,#dariahTeach,"Open-source, multilingual, community-driven platform for teaching and training materials for the digital arts and humanities.",training platform,training platform,"Community, Training & Curation",dariahteach,"dariah, digital-humanities, platform, r, training",https://teach.dariah.eu/,"August 31, 2025 2:51 PM"
DG-RSRCH-30,ACDH-DH,Austrian Centre for Digital Humanities.,dh center,dh center,"Community, Training & Curation",acdh-dh,"austria, dh, digital-humanities, institute, organization, r",https://www.oeaw.ac.at/acdh/,"August 31, 2025 2:51 PM"
DG-RSRCH-41,ACH,"Association for Computers and the Humanities; supports and disseminates digital humanities research via conferences, publications, and outreach.",professional society,professional society,"Community, Training & Curation",ach,"digital-humanities, membership, organization, r, society",http://ach.org/,"August 31, 2025 2:51 PM"
DG-RSRCH-42,ADHO,Alliance of Digital Humanities Organizations; promotes and supports digital research and teaching across arts and humanities disciplines.,umbrella organization,umbrella organization,"Community, Training & Curation",adho,"conference, digital-humanities, organization, umbrella",http://adho.org/,"August 31, 2025 2:51 PM"
DG-RSRCH-153,Allmaps,"Curating, georeferencing and exploring for IIIF maps.",iiif map georeferencing,iiif map georeferencing,Mapping & Visualization,allmaps,"digital-humanities, geo, georeferencing, iiif, maps, r",https://allmaps.org/,"August 31, 2025 6:26 PM"
DG-RSRCH-26,Annotation Studio,"Suite of tools for collaborative web-based annotation, developed by MIT's HyperStudio.",annotation,annotation,Annotation & Markup,annotation-studio,"annotation, collaboration, digital-humanities, r",https://www.annotationstudio.org/,"August 31, 2025 2:51 PM"
DG-RSRCH-304,AntConc,Multi-platform concordancer for corpus linguistics.,concordancer,concordancer,Text & NLP Analysis,antconc,"desktop, digital-humanities",https://www.laurenceanthony.net/software/antconc,"August 31, 2025 6:26 PM"
DG-RSRCH-54,Awesome Digital History,Curated list of awesome things related to digital history.,curated list,curated list,Reference & Discovery,awesome-digital-history,"awesome-list, digital-history, digital-humanities, directory, list",https://github.com/maehr/awesome-digital-history,"August 31, 2025 2:51 PM"
DG-RSRCH-55,Awesome IIIF,Curated list of resources related to the International Image Interoperability Framework (IIIF).,curated list,curated list,Reference & Discovery,awesome-iiif,"awesome-list, digital-history, digital-humanities, directory, iiif, list",https://github.com/IIIF/awesome-iiif,"August 31, 2025 2:51 PM"
DG-RSRCH-56,Awesome OCR,"Curated links to software tools, libraries, and literature related to optical character recognition (OCR).",curated list,curated list,Reference & Discovery,awesome-ocr,"awesome-list, digital-history, digital-humanities, directory, iiif, list, ocr, r",https://github.com/kba/awesome-ocr,"August 31, 2025 2:51 PM"
DG-RSRCH-57,Awesome Scientific Writing,"Curated list of tools, demos, and resources for scientific writing.",curated list,curated list,Reference & Discovery,awesome-scientific-writing,"awesome-list, digital-history, digital-humanities, directory, iiif, list, ocr, r, writing",https://github.com/writing-resources/awesome-scientific-writing,"August 31, 2025 2:51 PM"
DG-RSRCH-58,Awesome Web Archiving,Resources to archive the web.,curated list,curated list,Reference & Discovery,awesome-web-archiving,"awesome-list, digital-history, digital-humanities, directory, iiif, list, ocr, r, web-archiving, writing",https://github.com/iipc/awesome-web-archiving,"August 31, 2025 2:51 PM"
DG-RSRCH-99,Bertin.js,JavaScript library for visualizing geospatial data and making thematic maps for the web.,mapping library,mapping library,Mapping & Visualization,bertin-js,"digital-humanities, geo, library, mapping, r",https://github.com/neocarto/bertin,"August 31, 2025 2:51 PM"
DG-RSRCH-10,Breve,Visualize and edit tabular data.,tabular data visualization,tabular data visualization,Mapping & Visualization,breve,"digital-humanities, r, tables, visualization",http://hdlab.stanford.edu/breve/,"August 31, 2025 2:51 PM"
DG-RSRCH-314,Cantaloupe,IIIF-compatible image server.,iiif server,iiif server,Publishing & Presentation,cantaloupe,"digital-humanities, iiif",https://cantaloupe-project.github.io,"August 31, 2025 6:26 PM"
DG-RSRCH-59,Carolina Digital Humanities Initiative Tools Page,"Range of platforms, plug-ins, readings, and other items useful for DH researchers.",tools catalog,tools catalog,Reference & Discovery,carolina-digital-humanities-initiative-tools-page,"catalog, digital-humanities, r, tools",http://digitalhumanities.unc.edu/resources/tools/,"August 31, 2025 2:51 PM"
DG-RSRCH-27,CATMA,Computer Assisted Text Markup and Analysis.,text markup & analysis,text markup & analysis,Annotation & Markup,catma,"annotation, digital-humanities, markup, r, tei",https://catma.de/,"August 31, 2025 2:51 PM"
DG-RSRCH-46,centerNet,International network of digital humanities centers.,network,network,Network & Graph,centernet,"centers, digital-humanities, network, organization",http://dhcenternet.org/,"August 31, 2025 2:51 PM"
DG-RSRCH-43,CHAIN,Coalition of Humanities and Arts Infrastructures and Networks.,infrastructure coalition,infrastructure coalition,Repositories & Portals,chain,"coalition, digital-humanities, infrastructure, network",https://mith.umd.edu/chain/,"August 31, 2025 2:51 PM"
DG-RSRCH-188,CHCI,"Consortium of Humanities Centers and Institutes; 250+ member organizations worldwide including universities, scholarly societies, libraries, and institutes of advanced study.",consortium,consortium,"Community, Training & Curation",chci,"centers, consortium, digital-humanities, organization, r",https://chcinetwork.org/,"August 31, 2025 6:26 PM"
DG-RSRCH-45,CLARIN,Common Language Resources and Technology Infrastructure: single sign-on access to language resources and tools for humanities and social sciences.,language infrastructure,language infrastructure,Repositories & Portals,clarin,"digital-humanities, infrastructure, language, r, single-sign-on",https://www.clarin.eu/,"August 31, 2025 2:51 PM"
DG-RSRCH-73,CollectionBuilder,Open source tool for creating digital collection and exhibition websites based on metadata and powered by modern static web technology.,exhibit builder,exhibit builder,Publishing & Presentation,collectionbuilder,"digital-humanities, exhibits, iiif, r, static-site",https://collectionbuilder.github.io/,"August 31, 2025 2:51 PM"
DG-RSRCH-303,Constellate,Text analytics platform with JSTOR/Portico content for teaching and research.,text mining platform,text mining platform,Text & NLP Analysis,constellate,"digital-humanities, platform, text-mining",https://constellate.org,"August 31, 2025 6:26 PM"
DG-RSRCH-295,CORE,Open access aggregator across repositories worldwide.,oa aggregator,oa aggregator,Repositories & Portals,core,"aggregator, digital-humanities, open-access",https://core.ac.uk,"August 31, 2025 6:26 PM"
DG-RSRCH-184,Current Research in Digital History,"Annual open-access, peer-reviewed publication of the Roy Rosenzweig Center for History and New Media.",journal,journal,Reference & Discovery,current-research-in-digital-history,"digital-humanities, journal, open-access, publication, r",http://crdh.rrchnm.org/,"August 31, 2025 6:26 PM"
DG-RSRCH-323,Cytoscape,Network analysis and visualization desktop app.,network analysis,network analysis,Network & Graph,cytoscape,"analysis, desktop, digital-humanities, networks",https://cytoscape.org,"August 31, 2025 6:26 PM"
DG-RSRCH-190,DARIAH,Digital Research Infrastructure for the Arts and Humanities; supports digitally enabled research and teaching across member countries.,research infrastructure,research infrastructure,Repositories & Portals,dariah,"arts-humanities, digital-humanities, infrastructure, r, research",https://www.dariah.eu/,"August 31, 2025 6:26 PM"
DG-RSRCH-228,DARIAH-CAMPUS,Discovery framework and hosting platform for DARIAH learning resources.,training portal,training portal,Repositories & Portals,dariah-campus,"dariah, digital-humanities, portal, r, training",https://campus.dariah.eu/,"August 31, 2025 6:26 PM"
DG-RSRCH-100,DARIAH-DE Geo-Browser,Create visualizations with geotagged data.,geo visualization,geo visualization,Mapping & Visualization,dariah-de-geo-browser,"digital-humanities, geo, r, visualization",https://geobrowser.de.dariah.eu/,"August 31, 2025 2:51 PM"
DG-RSRCH-1,Data Commons,Data Commons aggregates data from a wide range of sources into a unified database to make it more accessible and useful.,data portal,data portal,Repositories & Portals,data-commons,"api, data, data-portal, digital-humanities, knowledge-graph, portal",https://datacommons.org/,"August 31, 2025 2:51 PM"
DG-RSRCH-11,Data Pen,"Framework for humanities researchers to access, explore, and manipulate multidimensional historical data.",historical data exploration,historical data exploration,Mapping & Visualization,data-pen,"data, digital-humanities, exploration, history, multidimensional, r",http://hdlab.stanford.edu/data-pen/,"August 31, 2025 2:51 PM"
DG-RSRCH-85,DH Tools for Beginners,Collection of tutorials about DH tools aimed at digital humanities researchers.,tutorial collection,tutorial collection,"Community, Training & Curation",dh-tools-for-beginners,"beginner, digital-humanities, r, tutorials",https://medium.com/dh-tools-for-beginners,"August 31, 2025 2:51 PM"
DG-RSRCH-60,DH Toychest,"Guides, tools, and other resources for practical work in the digital humanities; curated by Alan Liu (UCSB).",tools directory,tools directory,Reference & Discovery,dh-toychest,"digital-humanities, directory, r, tools",http://dhresourcesforprojectbuilding.pbworks.com/w/page/69244319/Digital%20Humanities%20Tools,"August 31, 2025 2:51 PM"
DG-RSRCH-175,DHCenter UNIL-EPFL,Interdisciplinary research platform founded in 2018 by the University of Lausanne and EPFL.,dh center,dh center,"Community, Training & Curation",dhcenter-unil-epfl,"austria, dh, digital-humanities, institute, organization, r, switzerland",https://dhcenter-unil-epfl.com/,"August 31, 2025 6:26 PM"
DG-RSRCH-48,DHCH,Interdisciplinary research in the digital humanities in Switzerland.,network,network,Network & Graph,dhch,"centers, digital-humanities, network, organization, switzerland",https://dh-ch.ch/,"August 31, 2025 2:51 PM"
DG-RSRCH-68,DHSlack,Slack channels for digital humanities scholars.,community,community,"Community, Training & Curation",dhslack,"community, digital-humanities, r, slack",https://github.com/amandavisconti/DHslack/blob/master/CodeOfConduct.md,"August 31, 2025 2:51 PM"
DG-RSRCH-86,Digital Editions Course,Covers the process of creating a digital edition from selecting a text through publication.,course,course,"Community, Training & Curation",digital-editions-course,"course, digital-editions, digital-humanities",https://www.prisms.digital/training/,"August 31, 2025 2:51 PM"
DG-RSRCH-222,Digital History by @moritzmaehr,List of Digital History people curated by Moritz Mähr.,twitter list,twitter list,"Community, Training & Curation",digital-history-by-moritzmaehr,"digital-history, digital-humanities, list, r, twitter, twitter-list",https://twitter.com/moritzmaehr/lists/digital-history,"August 31, 2025 6:26 PM"
DG-RSRCH-49,Digital History Network Switzerland,Network of digital historians in academia and GLAM institutions in Switzerland.,network,network,Network & Graph,digital-history-network-switzerland,"centers, digital-humanities, network, organization, switzerland",https://www.digitalhistorynetwork.ch/,"August 31, 2025 2:51 PM"
DG-RSRCH-32,Digital Humanities Bern,"Explores digital text and image analysis, digital editions, and the impact of digital methods on the humanities.",dh center,dh center,"Community, Training & Curation",digital-humanities-bern,"austria, dh, digital-humanities, institute, organization, r, switzerland",https://www.dh.unibe.ch/,"August 31, 2025 2:51 PM"
DG-RSRCH-79,Digital Humanities by @GrandjeanMartin,List of Digital Humanities people curated by Martin Grandjean.,twitter list,twitter list,"Community, Training & Curation",digital-humanities-by-grandjeanmartin,"digital-history, digital-humanities, list, r, twitter, twitter-list",https://twitter.com/GrandjeanMartin/lists/digital-humanities,"August 31, 2025 2:51 PM"
DG-RSRCH-80,Digital Humanities by @normanlippert,List of Digital Humanities people curated by Norman Lippert.,twitter list,twitter list,"Community, Training & Curation",digital-humanities-by-normanlippert,"digital-history, digital-humanities, list, r, twitter, twitter-list",https://twitter.com/normanlippert/lists/digital-humanities,"August 31, 2025 2:51 PM"
DG-RSRCH-81,Digital Humanities by @wpippich,List of Digital Humanities people curated by Waltraud von Pippich.,twitter list,twitter list,"Community, Training & Curation",digital-humanities-by-wpippich,"digital-history, digital-humanities, list, r, twitter, twitter-list",https://twitter.com/i/lists/907641704949436416,"August 31, 2025 2:51 PM"
DG-RSRCH-33,Digital Humanities Lab - Universität Basel,Interdisciplinary institution of the University of Basel for digital humanities.,dh lab,dh lab,"Community, Training & Curation",digital-humanities-lab-universitat-basel,"digital-humanities, lab, organization, r, switzerland",https://dhlab.philhist.unibas.ch/en/,"August 31, 2025 2:51 PM"
DG-RSRCH-87,Digital Humanities Literacy Guidebook,Overview of the field of Digital History and Digital Humanities.,guidebook,guidebook,"Community, Training & Curation",digital-humanities-literacy-guidebook,"digital-humanities, guidebook, overview",https://cmu-lib.github.io/dhlg/topics/,"August 31, 2025 2:51 PM"
DG-RSRCH-50,Digital Humanities Now,Edited publication highlighting informally published digital humanities scholarship and resources from the open web.,publication aggregator,publication aggregator,Reference & Discovery,digital-humanities-now,"aggregator, digital-humanities, publication",http://digitalhumanitiesnow.org/,"August 31, 2025 2:51 PM"
DG-RSRCH-88,Digital Humanities Theories and Practice,Course balancing practical guidance on tools/methodologies with modes for entering participants’ research.,course,course,"Community, Training & Curation",digital-humanities-theories-and-practice,"course, digital-editions, digital-humanities, r, rutgers",https://ltagliaferri.github.io/dh-rutgers-2022/,"August 31, 2025 2:51 PM"
DG-RSRCH-82,Digital Humanities Women by @amandafrench,List of Digital Humanities women curated by Amanda French.,twitter list,twitter list,"Community, Training & Curation",digital-humanities-women-by-amandafrench,"digital-history, digital-humanities, list, r, twitter, twitter-list, women",https://twitter.com/i/lists/81258446,"August 31, 2025 2:51 PM"
DG-RSRCH-302,Digital Public Library of America (DPLA),US cultural heritage aggregator.,cultural heritage portal,cultural heritage portal,Repositories & Portals,digital-public-library-of-america-dpla,"digital-humanities, portal",https://dp.la,"August 31, 2025 6:26 PM"
DG-RSRCH-61,Digital Textuality Resource Pages,"Tools for text production, visualization, still image work, sound, video, and animation, including student reviews.",resource pages,resource pages,Reference & Discovery,digital-textuality-resource-pages,"digital-humanities, r, resource-pages, resources",http://digitaltextuality.pbworks.com/w/page/68178062/Digital%20Textuality%20Resource%20Pages,"August 31, 2025 2:51 PM"
DG-RSRCH-293,Directory of Open Access Books (DOAB),Directory of peer-reviewed open access books.,book directory,book directory,Reference & Discovery,directory-of-open-access-books-doab,"digital-humanities, open-access",https://doabooks.org,"August 31, 2025 6:26 PM"
DG-RSRCH-12,DocFetcher,Open Source desktop search application.,desktop search,desktop search,Search & Retrieval,docfetcher,"desktop, desktop-search, digital-humanities, indexing, r, search",http://docfetcher.sourceforge.net/,"August 31, 2025 2:51 PM"
DG-RSRCH-62,Duke University's DH Tools catalog,List of DH tools supported or used by Duke digital projects.,tools catalog,tools catalog,Reference & Discovery,duke-university-s-dh-tools-catalog,"catalog, digital-humanities, r, tools",https://digitalhumanities.duke.edu/tools,"August 31, 2025 2:51 PM"
DG-RSRCH-51,European Holocaust Research Infrastructure (EHRI),Portal for online access to information about Holocaust sources and innovative tools supporting the digital transformation of Holocaust research.,research infrastructure,research infrastructure,Repositories & Portals,european-holocaust-research-infrastructure-ehri,"arts-humanities, digital-humanities, holocaust, infrastructure, portal, r, research",https://www.ehri-project.eu/,"August 31, 2025 2:51 PM"
DG-RSRCH-52,European Research Infrastructure for Heritage Science (E-RIHS),"Supports research on heritage interpretation, preservation, documentation and management.",research infrastructure,research infrastructure,Repositories & Portals,european-research-infrastructure-for-heritage-science-e-rihs,"arts-humanities, digital-humanities, heritage, holocaust, infrastructure, portal, r, research",http://www.e-rihs.eu/,"August 31, 2025 2:51 PM"
DG-RSRCH-301,Europeana,EU cultural heritage aggregator.,cultural heritage portal,cultural heritage portal,Repositories & Portals,europeana,"digital-humanities, portal",https://www.europeana.eu,"August 31, 2025 6:26 PM"
DG-RSRCH-63,FID Romanistik,Curated list of tools and resources for digital humanists in German.,tools catalog,tools catalog,Reference & Discovery,fid-romanistik,"catalog, digital-humanities, german, r, tools",https://www.fid-romanistik.de/forschungsdaten/suche-nach-forschungsdaten/fid-internetressourcen/tools/,"August 31, 2025 2:51 PM"
DG-RSRCH-89,forText,German-language tutorials for the interpretation and visualization of literature.,tutorial collection,tutorial collection,"Community, Training & Curation",fortext,"beginner, digital-humanities, german, r, tutorials",https://fortext.net/,"August 31, 2025 2:51 PM"
DG-RSRCH-90,Framework for Information Literacy for Higher Education,Framework from ACRL for teaching information literacy.,framework,framework,"Community, Training & Curation",framework-for-information-literacy-for-higher-education,"digital-humanities, framework, information-literacy, r",http://www.ala.org/acrl/standards/ilframework,"August 31, 2025 2:51 PM"
DG-RSRCH-307,Gensim,Topic modeling and vector space modeling in Python.,nlp library,nlp library,Text & NLP Analysis,gensim,"digital-humanities, python, topic-modeling",https://radimrehurek.com/gensim,"August 31, 2025 6:26 PM"
DG-RSRCH-318,GeoNames,Worldwide gazetteer with an API.,gazetteer,gazetteer,Repositories & Portals,geonames,"api, digital-humanities",https://www.geonames.org,"August 31, 2025 6:26 PM"
DG-RSRCH-101,Gephi,Leading open‑source software for visualization and exploration of graphs and networks.,network analysis,network analysis,Network & Graph,gephi,"analysis, digital-humanities, networks, r",https://gephi.org/,"August 31, 2025 2:51 PM"
DG-RSRCH-39,Giles Ecosystem,Distributed system (Apache Kafka–based) for document upload with automatic OCR and extraction of images and embedded texts from PDFs; horizontally scalable.,document processing pipeline,document processing pipeline,Acquisition & Extraction,giles-ecosystem,"digital-humanities, extraction, kafka, ocr, pdf, pipeline, processing, r",https://diging.atlassian.net/wiki/spaces/GECO/overview,"August 31, 2025 2:51 PM"
DG-RSRCH-64,GLAMS Workbench,"Tools, tutorials, examples, and hacks for working with data from galleries, libraries, archives, and museums.",workbench & tutorials,workbench & tutorials,"Community, Training & Curation",glams-workbench,"australia, digital-humanities, glam, r, tutorials, workbench",https://glam-workbench.net/,"August 31, 2025 2:51 PM"
DG-RSRCH-28,Glycerine,"Suite of IIIF image annotation tools and end-to-end workflows for researchers, curators and students to collaborate across repositories and publish research outputs.",iiif annotation,iiif annotation,Annotation & Markup,glycerine,"annotation, digital-humanities, iiif, r, workflows",https://glycerine.io/,"August 31, 2025 2:51 PM"
DG-RSRCH-53,GO::DH,"Global Outlook::Digital Humanities aims to reduce barriers to communication and collaboration across economies in the Digital Arts, Humanities, and Cultural Heritage sectors.",network,network,Network & Graph,go-dh,"centers, digital-humanities, global, network, organization, switzerland",http://www.globaloutlookdh.org/,"August 31, 2025 2:51 PM"
DG-RSRCH-324,Graph Commons,Collaborative network mapping platform.,network mapping platform,network mapping platform,Network & Graph,graph-commons,digital-humanities,https://graphcommons.com,"August 31, 2025 6:26 PM"
DG-RSRCH-310,GROBID,Machine-learning extraction from scholarly PDFs to TEI/XML.,pdf-to-xml extraction,pdf-to-xml extraction,Acquisition & Extraction,grobid,"digital-humanities, tei",https://github.com/ourresearch/grobid,"August 31, 2025 6:26 PM"
DG-RSRCH-296,HathiTrust Digital Library,Millions of digitized volumes; analysis via HTRC.,digital library,digital library,Repositories & Portals,hathitrust-digital-library,digital-humanities,https://www.hathitrust.org,"August 31, 2025 6:26 PM"
DG-RSRCH-34,HDLab,"Humanities + Design, a research lab at Stanford University.",dh lab,dh lab,"Community, Training & Curation",hdlab,"digital-humanities, lab, organization, r, stanford, switzerland",http://hdlab.stanford.edu/,"August 31, 2025 2:51 PM"
DG-RSRCH-69,HSS Digital,Digital scholarship in the history of science initiative.,project directory,project directory,Reference & Discovery,hss-digital,"digital-humanities, directory, history-of-science, projects",https://hssonline.org/page/digitalprojects,"August 31, 2025 2:51 PM"
DG-RSRCH-35,Humanités numériques (University of Geneva),"Teaches the use of digital technology across the human sciences, tailored to humanities methods and issues.",dh program,dh program,"Community, Training & Curation",humanites-numeriques-university-of-geneva,"digital-humanities, organization, program, switzerland",https://www.unige.ch/lettres/humanites-numeriques/,"August 31, 2025 2:51 PM"
DG-RSRCH-91,Humanities Data Analysis,Practical guide to data‑intensive humanities research using Python.,book,book,"Community, Training & Curation",humanities-data-analysis,"book, digital-humanities, python",https://www.humanitiesdataanalysis.org/,"August 31, 2025 2:51 PM"
DG-RSRCH-319,Hypothes.is,Open annotation for the web and PDFs.,annotation,annotation,Annotation & Markup,hypothes-is,"annotation, digital-humanities",https://web.hypothes.is,"August 31, 2025 6:26 PM"
DG-RSRCH-21,ImageMagick,Image conversion tool.,image processing,image processing,Acquisition & Extraction,imagemagick,"convert, digital-humanities, image-processing, images, processing",https://imagemagick.org/,"August 31, 2025 2:51 PM"
DG-RSRCH-297,Internet Archive,"Open digital library for books, audio, video; also Wayback.",digital library,digital library,Repositories & Portals,internet-archive,digital-humanities,https://archive.org,"August 31, 2025 6:26 PM"
DG-RSRCH-289,Internet Encyclopedia of Philosophy (IEP),Peer-reviewed overview articles in philosophy.,encyclopedia entry,encyclopedia entry,Reference & Discovery,internet-encyclopedia-of-philosophy-iep,"digital-humanities, encyclopedia",https://iep.utm.edu,"August 31, 2025 6:26 PM"
DG-RSRCH-92,Intro Cultural Analytics,Analyze cultural artifacts with Python (open course materials).,course,course,"Community, Training & Curation",intro-cultural-analytics,"course, digital-editions, digital-humanities, python, r, rutgers",https://melaniewalsh.github.io/Intro-Cultural-Analytics/welcome.html,"August 31, 2025 2:51 PM"
DG-RSRCH-93,Introduction to Digital Humanities (DH101),Online coursebook/resources based on UCLA’s DH101 course.,course,course,"Community, Training & Curation",introduction-to-digital-humanities-dh101,"course, digital-editions, digital-humanities, python, r, rutgers, ucla",https://asandersgarcia.humspace.ucla.edu/courses/dh101f18/,"August 31, 2025 2:51 PM"
DG-RSRCH-94,Jupyter Notebooks for Digital Humanities,"Collection of Jupyter notebooks for DH: research materials, course content, Python tutorials, analysis tools.",notebook collection,notebook collection,"Community, Training & Curation",jupyter-notebooks-for-digital-humanities,"digital-humanities, notebooks, python, r",https://github.com/quinnanya/dh-jupyter/blob/master/README.md,"August 31, 2025 2:51 PM"
DG-RSRCH-77,JupyterHub Workspace,Collaborative programming and code-sharing platform using browser-based Jupyter Notebooks; integrates with Nextcloud and single sign-on.,collaboration platform,collaboration platform,"Community, Training & Curation",jupyterhub-workspace,"collaboration, digital-humanities, jupyter, nextcloud, platform, r, sso",https://github.com/maltevogl/jupyterworkspace,"August 31, 2025 2:51 PM"
DG-RSRCH-102,Khartis,Tool for easy creation of thematic maps from CSV data in three steps.,mapping tool,mapping tool,Mapping & Visualization,khartis,"digital-humanities, mapping, r, tool",https://www.sciencespo.fr/cartographie/khartis/en/,"August 31, 2025 2:51 PM"
DG-RSRCH-36,Ladhul dhCenter,Laboratoire de cultures et humanités digitales de l'Université de Lausanne.,dh center,dh center,"Community, Training & Curation",ladhul-dhcenter,"austria, dh, digital-humanities, institute, organization, r, switzerland",http://www.dhlausanne.ch/,"August 31, 2025 2:51 PM"
DG-RSRCH-317,Leaflet,Lightweight JavaScript library for interactive maps.,mapping library,mapping library,Mapping & Visualization,leaflet,"digital-humanities, library, mapping, maps",https://leafletjs.com,"August 31, 2025 6:26 PM"
DG-RSRCH-13,Leipzig Corpus Miner (LCM),Integrated research environment (SaaS) for analyzing structured and unstructured text data (e.g. millions of news articles) with text mining and reproducible research workflows for the social sciences and the digital humanities.,text mining platform,text mining platform,Text & NLP Analysis,leipzig-corpus-miner-lcm,"digital-humanities, platform, r, reproducibility, saas, text-mining",https://ilcm.informatik.uni-leipzig.de/,"August 31, 2025 2:51 PM"
DG-RSRCH-14,Lexos,Online tool for text analysis.,text analysis,text analysis,Text & NLP Analysis,lexos,"digital-humanities, r, text-analysis, webapp",http://lexos.wheatoncollege.edu/,"August 31, 2025 2:51 PM"
DG-RSRCH-37,Luxembourg Centre for Contemporary and Digital History,Research on new digital methods and tools for historical research and teaching.,dh center,dh center,"Community, Training & Curation",luxembourg-centre-for-contemporary-and-digital-history,"austria, dh, digital-humanities, institute, luxembourg, organization, r, switzerland",https://www.c2dh.uni.lu/,"August 31, 2025 2:51 PM"
DG-RSRCH-15,Mallet,"Java-based package for statistical NLP, document classification, clustering, topic modeling, information extraction, and other machine learning applications to text.",nlp & topic modeling,nlp & topic modeling,Text & NLP Analysis,mallet,"classification, digital-humanities, java, nlp, r, topic-modeling",https://mimno.github.io/Mallet/,"August 31, 2025 2:51 PM"
DG-RSRCH-74,Manifold,Scholarly publishing and collaborative/social reading platform.,publishing platform,publishing platform,Publishing & Presentation,manifold,"digital-humanities, publishing, reading",https://manifoldapp.org/,"August 31, 2025 2:51 PM"
DG-RSRCH-315,MapWarper,Georeference scanned maps online.,georeferencing platform,georeferencing platform,Mapping & Visualization,mapwarper,"digital-humanities, georeferencing, maps",https://mapwarper.net,"August 31, 2025 6:26 PM"
DG-RSRCH-312,Mirador,IIIF image viewer for curated collections and teaching.,iiif viewer,iiif viewer,Publishing & Presentation,mirador,"digital-humanities, iiif, viewer",https://projectmirador.org,"August 31, 2025 6:26 PM"
DG-RSRCH-95,Missing Semester,Useful tools and computing practices often not taught in class.,course,course,"Community, Training & Curation",missing-semester,"course, digital-editions, digital-humanities, python, r, rutgers, tools, ucla",https://missing.csail.mit.edu/,"August 31, 2025 2:51 PM"
DG-RSRCH-329,Mukurtu,Community archive platform with cultural protocols.,community archive platform,community archive platform,"Community, Training & Curation",mukurtu,digital-humanities,https://mukurtu.org,"August 31, 2025 6:26 PM"
DG-RSRCH-23,MuPDF,PDF viewer and converter.,pdf toolkit,pdf toolkit,Acquisition & Extraction,mupdf,"converter, digital-humanities, pdf, r, viewer",https://mupdf.com/,"August 31, 2025 2:51 PM"
DG-RSRCH-322,NetworkX,Graph analysis in Python.,network analysis,network analysis,Network & Graph,networkx,"analysis, digital-humanities, networks, python",https://networkx.org,"August 31, 2025 6:26 PM"
DG-RSRCH-96,New Languages for NLP,Learn to annotate linguistic data and train statistical language models with modern NLP tools.,course,course,"Community, Training & Curation",new-languages-for-nlp,"course, digital-editions, digital-humanities, nlp, python, r, rutgers, tools, ucla",https://new-languages-for-nlp.github.io/course-materials/intro.html,"August 31, 2025 2:51 PM"
DG-RSRCH-306,NLTK,Teaching-oriented NLP toolkit for Python.,nlp library,nlp library,Text & NLP Analysis,nltk,"digital-humanities, nlp, python",https://www.nltk.org,"August 31, 2025 6:26 PM"
DG-RSRCH-294,OAPEN,"Hosting and distribution for open access books, strong in humanities.",book repository,book repository,Repositories & Portals,oapen,"digital-humanities, open-access",https://oapen.org,"August 31, 2025 6:26 PM"
DG-RSRCH-22,OCRmyPDF,OCR toolkit.,ocr,ocr,Acquisition & Extraction,ocrmypdf,"digital-humanities, ocr, pdf, r",https://github.com/jbarlow83/OCRmyPDF,"August 31, 2025 2:51 PM"
DG-RSRCH-75,Omeka,Open-source web publishing platform for sharing digital collections and creating media-rich online exhibits.,publishing & exhibits,publishing & exhibits,Publishing & Presentation,omeka,"digital-humanities, exhibits, plugins, publishing, r",https://omeka.org/,"August 31, 2025 2:51 PM"
DG-RSRCH-3,Open EU Data Portal,European Union open data.,data portal,data portal,Repositories & Portals,open-eu-data-portal,"api, data, data-portal, digital-humanities, european-union, knowledge-graph, open-data, portal",https://data.europa.eu/euodp/en/data/,"August 31, 2025 2:51 PM"
DG-RSRCH-300,Open Greek and Latin,Open classical corpora and tools.,digital text corpus,digital text corpus,Repositories & Portals,open-greek-and-latin,digital-humanities,https://opengreekandlatin.github.io,"August 31, 2025 6:26 PM"
DG-RSRCH-16,Open Semantic Search,"Free software for your own search engine, discovery explorer for large document collections, media monitoring, text analytics, and text mining platform based on Solr or Elasticsearch with Linked Data integration.",enterprise search & text analytics,enterprise search & text analytics,Search & Retrieval,open-semantic-search,"analytics, digital-humanities, elasticsearch, media-monitoring, r, search, solr, text-analytics",https://www.opensemanticsearch.org/,"August 31, 2025 2:51 PM"
DG-RSRCH-292,OpenAlex,"Open catalog of scholarly works, authors, venues, and institutions with an API.",metadata registry,metadata registry,Reference & Discovery,openalex,"api, digital-humanities, open-data",https://openalex.org,"August 31, 2025 6:26 PM"
DG-RSRCH-2,OpenArchive,"Making it easy to store, share, and amplify your mobile media while protecting your identity.",media archiving,media archiving,Acquisition & Extraction,openarchive,"archiving, digital-humanities, media, mobile, privacy, r",https://open-archive.org/,"August 31, 2025 2:51 PM"
DG-RSRCH-308,OpenRefine,Powerful tool for messy data cleaning and transformation.,data cleaning/etl,data cleaning/etl,Acquisition & Extraction,openrefine,digital-humanities,https://openrefine.org,"August 31, 2025 6:26 PM"
DG-RSRCH-103,Palladio,Visualize complex historical data with ease.,visualization platform,visualization platform,Mapping & Visualization,palladio,"digital-humanities, visualization",https://hdlab.stanford.edu/palladio/,"August 31, 2025 2:51 PM"
DG-RSRCH-309,Pandoc,Universal document converter between markup formats.,document conversion,document conversion,Acquisition & Extraction,pandoc,digital-humanities,https://pandoc.org,"August 31, 2025 6:26 PM"
DG-RSRCH-97,PARTHENOS Training,"Training modules and resources on research infrastructures, data, digital collections, ontologies, and more for DH.",training modules,training modules,"Community, Training & Curation",parthenos-training,"digital-humanities, infrastructure, modules, r, training",https://training.parthenos-project.eu/,"August 31, 2025 2:51 PM"
DG-RSRCH-299,Perseus Digital Library,Classics texts with morphology and tools.,digital text corpus,digital text corpus,Repositories & Portals,perseus-digital-library,digital-humanities,http://www.perseus.tufts.edu,"August 31, 2025 6:26 PM"
DG-RSRCH-70,Perspectives on History,Digital History resources page from the American Historical Association’s magazine.,resource guide,resource guide,Reference & Discovery,perspectives-on-history,"aha, digital-humanities, guide, resources",https://www.historians.org/community-careers/digital-history-resources/,"August 31, 2025 2:51 PM"
DG-RSRCH-291,PhilArchive,Open-access archive of philosophy preprints.,preprint repository,preprint repository,Repositories & Portals,philarchive,"digital-humanities, open-access",https://philarchive.org,"August 31, 2025 6:26 PM"
DG-RSRCH-290,PhilPapers,"Index, discovery, and taxonomy for philosophy literature.",bibliography index,bibliography index,Reference & Discovery,philpapers,digital-humanities,https://philpapers.org,"August 31, 2025 6:26 PM"
DG-RSRCH-24,Poppler,PDF toolkit.,pdf toolkit,pdf toolkit,Acquisition & Extraction,poppler,"converter, digital-humanities, pdf, r, toolkit, viewer",https://poppler.freedesktop.org/,"August 31, 2025 2:51 PM"
DG-RSRCH-298,Project Gutenberg,Public-domain eBooks; plain text and EPUB.,digital text corpus,digital text corpus,Repositories & Portals,project-gutenberg,digital-humanities,https://gutenberg.org,"August 31, 2025 6:26 PM"
DG-RSRCH-328,PubPub,Open publishing platform and workflows.,publishing platform,publishing platform,Publishing & Presentation,pubpub,"digital-humanities, publishing",https://www.pubpub.org,"August 31, 2025 6:26 PM"
DG-RSRCH-316,QGIS,Open-source desktop geographic information system.,geo analysis,geo analysis,Mapping & Visualization,qgis,"desktop, digital-humanities",https://qgis.org,"August 31, 2025 6:26 PM"
DG-RSRCH-25,QPDF,PDF toolkit.,pdf toolkit,pdf toolkit,Acquisition & Extraction,qpdf,"converter, digital-humanities, pdf, r, toolkit, viewer",http://qpdf.sourceforge.net/,"August 31, 2025 2:51 PM"
DG-RSRCH-321,Quarto,Reproducible publishing with notebooks (R/Python).,publishing platform,publishing platform,Publishing & Presentation,quarto,"digital-humanities, notebooks, publishing, python, r",https://quarto.org,"August 31, 2025 6:26 PM"
DG-RSRCH-104,RAWGraphs,"Open‑source, web‑based tool for visualization of complex data.",visualization tool,visualization tool,Mapping & Visualization,rawgraphs,"digital-humanities, r, visualization",https://rawgraphs.io/,"August 31, 2025 2:51 PM"
DG-RSRCH-29,Recogito,Semantic annotation for images and texts.,annotation,annotation,Annotation & Markup,recogito,"annotation, collaboration, digital-humanities, geo, r, semantic",https://recogito.pelagios.org/,"August 31, 2025 2:51 PM"
DG-RSRCH-38,Roy Rosenzweig Center for History and New Media,Creators of Zotero and other open-source software tools for historians.,dh center,dh center,"Community, Training & Curation",roy-rosenzweig-center-for-history-and-new-media,"austria, center, dh, digital-humanities, institute, luxembourg, organization, r, switzerland, zotero",https://rrchnm.org/,"August 31, 2025 2:51 PM"
DG-RSRCH-327,Scalar,Scholarly multimedia publishing platform.,publishing platform,publishing platform,Publishing & Presentation,scalar,"digital-humanities, publishing",https://scalar.usc.edu,"August 31, 2025 6:26 PM"
DG-RSRCH-4,Social Feed Manager,"Open source software that harvests social media data and web resources from Twitter, Tumblr, Flickr, and Sina Weibo.",social media harvesting,social media harvesting,Acquisition & Extraction,social-feed-manager,"digital-humanities, flickr, harvesting, r, social-media, tumblr, twitter, weibo",https://gwu-libraries.github.io/sfm-ui/,"August 31, 2025 2:51 PM"
DG-RSRCH-65,Social Sciences & Humanities Open Marketplace,"Discovery portal pooling and contextualising resources for SSH research communities: tools, services, training materials, datasets, publications and workflows.",marketplace,marketplace,Reference & Discovery,social-sciences-humanities-open-marketplace,"digital-humanities, marketplace, r, ssh",https://marketplace.sshopencloud.eu/,"August 31, 2025 2:51 PM"
DG-RSRCH-305,spaCy,Industrial-strength NLP library for Python.,nlp library,nlp library,Text & NLP Analysis,spacy,"digital-humanities, nlp, python",https://spacy.io,"August 31, 2025 6:26 PM"
DG-RSRCH-288,Stanford Encyclopedia of Philosophy (SEP),"Authoritative, citable philosophy encyclopedia.",encyclopedia entry,encyclopedia entry,Reference & Discovery,stanford-encyclopedia-of-philosophy-sep,"digital-humanities, encyclopedia",https://plato.stanford.edu,"August 31, 2025 6:26 PM"
DG-RSRCH-105,StorylineJS,Tell the story behind the numbers.,storytelling visualization,storytelling visualization,Mapping & Visualization,storylinejs,"digital-humanities, storytelling, visualization",http://storyline.knightlab.com/,"August 31, 2025 2:51 PM"
DG-RSRCH-106,StorymapJS,Maps that tell stories.,story mapping,story mapping,Mapping & Visualization,storymapjs,"digital-humanities, maps, story",https://storymap.knightlab.com/,"August 31, 2025 2:51 PM"
DG-RSRCH-17,Stylo,R package for stylometric analyses.,stylometry,stylometry,Text & NLP Analysis,stylo,"digital-humanities, r, stylometry",https://github.com/computationalstylistics/stylo,"August 31, 2025 2:51 PM"
DG-RSRCH-66,TAPoR 3,Gateway to tools for text analysis and retrieval; integrates the DiRT directory.,tool directory,tool directory,Reference & Discovery,tapor-3,"digital-humanities, directory, r, text-analysis",http://tapor.ca/home,"August 31, 2025 2:51 PM"
DG-RSRCH-67,Taxonomy of Digital Research Activities in the Humanities (TaDiRAH),"Community-developed taxonomy structuring information on DH tools, methods, projects, and readings.",taxonomy,taxonomy,Reference & Discovery,taxonomy-of-digital-research-activities-in-the-humanities-tadirah,"dh, digital-humanities, taxonomy",https://tadirah.info/,"August 31, 2025 2:51 PM"
DG-RSRCH-311,Tesseract OCR,Open-source OCR engine.,ocr,ocr,Acquisition & Extraction,tesseract-ocr,"digital-humanities, ocr",https://github.com/tesseract-ocr/tesseract,"August 31, 2025 6:26 PM"
DG-RSRCH-7,Textgrid,"Open source tools and services support humanistic scholars during the entire process of research, especially in digital scholarly editing.",data collection,data collection,Acquisition & Extraction,textgrid,"digital-editing, digital-humanities, scholarly-editions",https://textgrid.de/,"August 31, 2025 2:51 PM"
DG-RSRCH-98,The Programming Historian,"Novice‑friendly, peer‑reviewed tutorials covering a wide range of digital tools, techniques, and workflows.",tutorial collection,tutorial collection,"Community, Training & Curation",the-programming-historian,"beginner, digital-humanities, german, peer-reviewed, r, tutorials",https://programminghistorian.org/,"August 31, 2025 2:51 PM"
DG-RSRCH-107,TimelineJS,"Easy‑to‑make, beautiful timelines.",timeline builder,timeline builder,Mapping & Visualization,timelinejs,"digital-humanities, timeline",https://timeline.knightlab.com/,"August 31, 2025 2:51 PM"
DG-RSRCH-18,TinEye,Search by image or image section and find where that image appears online.,reverse image search,reverse image search,Search & Retrieval,tineye,"digital-humanities, images, r, reverse-image-search, search",https://tineye.com/,"August 31, 2025 2:51 PM"
DG-RSRCH-5,Trafilatura,"Open source software to gather text and metadata on the Web: Crawling, scraping, extraction, output in multiple formats. Usable with Python, R and on the command-line.",web scraping & text extraction,web scraping & text extraction,Acquisition & Extraction,trafilatura,"cli, crawler, digital-humanities, extraction, python, r, scraping, text",https://trafilatura.readthedocs.io/,"August 31, 2025 2:51 PM"
DG-RSRCH-6,Transkribus,Transcribe. Collaborate. Share and benefit from cutting edge research in Handwritten Text Recognition!,handwritten text recognition,handwritten text recognition,Acquisition & Extraction,transkribus,"digital-humanities, handwriting, htr, ocr",https://transkribus.eu/,"August 31, 2025 2:51 PM"
DG-RSRCH-320,Tropy,Organize and describe research photos for humanities projects.,research curation,research curation,Search & Retrieval,tropy,"digital-humanities, metadata",https://tropy.org,"August 31, 2025 6:26 PM"
DG-RSRCH-313,Universal Viewer,General-purpose IIIF viewer.,iiif viewer,iiif viewer,Publishing & Presentation,universal-viewer,"digital-humanities, iiif, viewer",https://universalviewer.io,"August 31, 2025 6:26 PM"
DG-RSRCH-108,Vistorian.online,Interactive visualizations for dynamic and multivariate networks.,network visualization,network visualization,Network & Graph,vistorian-online,"digital-humanities, networks, r, visualization",https://vistorian.github.io/,"August 31, 2025 2:51 PM"
DG-RSRCH-19,Voyant,Reading and analysis environment for digital texts.,text analysis,text analysis,Text & NLP Analysis,voyant,"digital-humanities, r, text-analysis, visualization, webapp",https://voyant-tools.org/,"August 31, 2025 2:51 PM"
DG-RSRCH-76,Wax,Jekyll-based framework for minimal exhibitions with IIIF.,iiif exhibits,iiif exhibits,Publishing & Presentation,wax,"digital-humanities, exhibits, iiif, jekyll, r",https://minicomp.github.io/wax/,"August 31, 2025 2:51 PM"
DG-RSRCH-8,webrecorder.io,Web archiving service anyone can use for free to save web pages.,web archiving,web archiving,Acquisition & Extraction,webrecorder-io,"archiving, capture, digital-humanities, playback, r, web, web-archiving",https://webrecorder.io/,"August 31, 2025 2:51 PM"
DG-RSRCH-71,wethink.hypotheses.org,Collaborative Digital History.,blog,blog,Reference & Discovery,wethink-hypotheses-org,"blog, digital-history, digital-humanities",https://wethink.hypotheses.org/,"August 31, 2025 2:51 PM"
DG-RSRCH-325,Wikidata,Open knowledge graph that anyone can edit.,knowledge graph,knowledge graph,Network & Graph,wikidata,digital-humanities,https://www.wikidata.org,"August 31, 2025 6:26 PM"
DG-RSRCH-326,Wikidata Query Service (WDQS),Public SPARQL endpoint for Wikidata.,sparql endpoint,sparql endpoint,Network & Graph,wikidata-query-service-wdqs,digital-humanities,https://query.wikidata.org,"August 31, 2025 6:26 PM"
DG-RSRCH-72,Wikipedia: Digital history,"Overview: digital history uses digital media to further historical analysis, presentation, and research.",encyclopedia entry,encyclopedia entry,Reference & Discovery,wikipedia-digital-history,"digital-history, digital-humanities, encyclopedia, r, wikipedia",https://en.wikipedia.org/wiki/Digital_history,"August 31, 2025 2:51 PM"
DG-RSRCH-20,YouTube Metadata,"Retrieve details about a YouTube video and its uploader, playlist and its creator, or channel.",metadata lookup,metadata lookup,Reference & Discovery,youtube-metadata,"digital-humanities, metadata, r, youtube",https://mattw.io/youtube-metadata/,"August 31, 2025 2:51 PM"
